{"cameraMode":{"drawMode":0,"name":"Shaded","section":"Shading Mode"},"sceneLighting":true,"audioPlay":false,"sceneViewState":{"m_AlwaysRefresh":false,"showFog":true,"showSkybox":true,"showFlares":true,"showImageEffects":true,"showParticleSystems":true,"showVisualEffectGraphs":true,"m_FxEnabled":true},"in2DMode":false,"pivot":{"x":-2.476325511932373,"y":0.3485156297683716,"z":3.3031580448150636},"rotation":{"x":0.06829168647527695,"y":0.7557885050773621,"z":-0.07991907745599747,"w":0.6464217305183411},"size":2.666025400161743,"orthographic":false}