{"cameraMode":{"drawMode":0,"name":"Shaded","section":"Shading Mode"},"sceneLighting":true,"audioPlay":false,"sceneViewState":{"m_AlwaysRefresh":false,"showFog":true,"showSkybox":true,"showFlares":true,"showImageEffects":true,"showParticleSystems":true,"showVisualEffectGraphs":true,"m_FxEnabled":true},"in2DMode":false,"pivot":{"x":-2.906639337539673,"y":0.17159700393676759,"z":0.15196561813354493},"rotation":{"x":0.3521183729171753,"y":0.047438155859708789,"z":-0.018039435148239137,"w":0.9346280694007874},"size":0.48707640171051028,"orthographic":false}