{"cameraMode":{"drawMode":0,"name":"Shaded","section":"Shading Mode"},"sceneLighting":true,"audioPlay":false,"sceneViewState":{"m_AlwaysRefresh":false,"showFog":true,"showSkybox":true,"showFlares":true,"showImageEffects":true,"showParticleSystems":true,"showVisualEffectGraphs":true,"m_FxEnabled":true},"in2DMode":false,"pivot":{"x":3.8538155555725099,"y":-2.0398519039154054,"z":-0.46906915307044985},"rotation":{"x":0.21386238932609559,"y":0.6858077645301819,"z":-0.2226114422082901,"w":0.6591262817382813},"size":4.449239730834961,"orthographic":false}