{"cameraMode":{"drawMode":0,"name":"Shaded","section":"Shading Mode"},"sceneLighting":true,"audioPlay":false,"sceneViewState":{"m_AlwaysRefresh":false,"showFog":true,"showSkybox":true,"showFlares":true,"showImageEffects":true,"showParticleSystems":true,"showVisualEffectGraphs":true,"m_FxEnabled":true},"in2DMode":false,"pivot":{"x":1.3722333908081055,"y":0.0036454200744628908,"z":1.7846907377243043},"rotation":{"x":-0.17776989936828614,"y":-0.6872641444206238,"z":0.1793810874223709,"w":-0.6811012029647827},"size":5.871067047119141,"orthographic":false}